<?xml version="1.0" encoding="UTF-8" ?>
<rss version="2.0">
  <channel>
    <titlemytubespace.xml>MyTube.Space - Search YouTube & Dailymotion Videos in One Place</title>
    <mytubespace.xml>https://mytube.space</mytubespace.xml>
    <description>Discover and watch videos from YouTube and Dailymotion in one place with MyTube.space's seamless 2-in-1 search.</description>
    <item>
      <title>Featured Video of the Week</title>
      <link>https://mytube.space/featured-video</link>
      <description>Check out our featured video of the week, showcasing top content from YouTube and Dailymotion.</description>
      <pubDate>Fri, 21 Mar 2025 00:00:00 +0000</pubDate>
    </item>
    <!-- Add more <item> entries as needed -->
  </channel>
</rss>
